[{"model": "pages.department", "pk": 1, "fields": {"name": "Criminology Department"}}, {"model": "pages.department", "pk": 2, "fields": {"name": "BEED Department"}}, {"model": "pages.department", "pk": 3, "fields": {"name": "HRM Department"}}, {"model": "pages.department", "pk": 4, "fields": {"name": "ITE Department"}}, {"model": "pages.department", "pk": 5, "fields": {"name": "Paramed Department"}}, {"model": "pages.faculty", "pk": 1, "fields": {"department": 1, "name": "Alvin", "lastname": "Tero", "middle_initial": "Q", "photo": "img/ALVIN_Q._TERO.png"}}, {"model": "pages.faculty", "pk": 2, "fields": {"department": 1, "name": "Alvin", "lastname": "Tugon", "middle_initial": "R", "photo": "img/ALVIN_R._TUGON.png"}}, {"model": "pages.faculty", "pk": 3, "fields": {"department": 1, "name": "Renato", "lastname": "Catubig", "middle_initial": "A", "photo": "img/CATUBIG_RENATO_A..png"}}, {"model": "pages.faculty", "pk": 4, "fields": {"department": 1, "name": "Christopher", "lastname": "De Castro", "middle_initial": "D", "photo": "img/DE_CASTRO_CHRISTOPHER_D..png"}}, {"model": "pages.faculty", "pk": 5, "fields": {"department": 1, "name": "Joselito", "lastname": "Relativo", "middle_initial": "B", "photo": "img/RELATIVO_JOSELITO_B..png"}}, {"model": "pages.faculty", "pk": 6, "fields": {"department": 1, "name": "Reynaldo", "lastname": "Suarez", "middle_initial": "S", "photo": "img/SUAREZ_REYNALDO_S..png"}}, {"model": "pages.faculty", "pk": 7, "fields": {"department": 2, "name": "Alma", "lastname": "Espinal", "middle_initial": "S", "photo": "img/ALMA_S._ESPINAL.png"}}, {"model": "pages.faculty", "pk": 8, "fields": {"department": 2, "name": "Gelar", "lastname": "Constantinopla", "middle_initial": "P", "photo": "img/CONSTANTINOPLA_GELAR_P..png"}}, {"model": "pages.faculty", "pk": 9, "fields": {"department": 2, "name": "Nelly", "lastname": "Cordero", "middle_initial": "E", "photo": "img/CORDERO_NELLY_E..png"}}, {"model": "pages.faculty", "pk": 10, "fields": {"department": 2, "name": "Grene", "lastname": "Dela Cruz", "middle_initial": "T", "photo": "img/DELA_CRUZ_GRENE_T..png"}}, {"model": "pages.faculty", "pk": 11, "fields": {"department": 2, "name": "Erwin", "lastname": "Alquizar", "middle_initial": null, "photo": "img/ERWIN_ALQUIZAR_copy.png"}}, {"model": "pages.faculty", "pk": 12, "fields": {"department": 2, "name": "Generose", "lastname": "Hilaga", "middle_initial": "H", "photo": "img/GENEROSE_H._HILAGA.png"}}, {"model": "pages.faculty", "pk": 13, "fields": {"department": 2, "name": "Gilbert", "lastname": "Domingo", "middle_initial": null, "photo": "img/GILBERTDOMINGO.PNG"}}, {"model": "pages.faculty", "pk": 14, "fields": {"department": 2, "name": "Gretchen Lyn", "lastname": "Maglupay", "middle_initial": null, "photo": "img/GRETCHEN_LYN_MAGLUPAY_copy_copy.png"}}, {"model": "pages.faculty", "pk": 15, "fields": {"department": 2, "name": "Kevin Jay", "lastname": "Pestano", "middle_initial": null, "photo": "img/KEVIN_JAY_PESTA\u00f1O_copy_copy.png"}}, {"model": "pages.faculty", "pk": 16, "fields": {"department": 2, "name": "Mara Daphnie", "lastname": "Rosalia", "middle_initial": null, "photo": "img/MARA_DAPHNIE_ROSALIA_copy_copy.png"}}, {"model": "pages.faculty", "pk": 17, "fields": {"department": 2, "name": "Marvie", "lastname": "Martizano", "middle_initial": "E", "photo": "img/MARTIZANO_MARVIE_E..png"}}, {"model": "pages.faculty", "pk": 18, "fields": {"department": 2, "name": "Ruth", "lastname": "Bacudo", "middle_initial": null, "photo": "img/RUTH_BACUDO_copy.png"}}, {"model": "pages.faculty", "pk": 19, "fields": {"department": 2, "name": "Benjie", "lastname": "Yumague", "middle_initial": "E", "photo": "img/YUMAGUE_BENJIE_E..png"}}, {"model": "pages.faculty", "pk": 20, "fields": {"department": 3, "name": "Darlyn", "lastname": "Aboy", "middle_initial": "N", "photo": "img/ABOY_DARLYN_N..png"}}, {"model": "pages.faculty", "pk": 21, "fields": {"department": 3, "name": "Lory Jane", "lastname": "Villoria", "middle_initial": "S", "photo": "img/VILLORIA_LORY_JANE_S..png"}}, {"model": "pages.faculty", "pk": 22, "fields": {"department": 3, "name": "Rowen", "lastname": "Zerrudo", "middle_initial": "L", "photo": "img/ZERRUDO_ROWEN_L..png"}}, {"model": "pages.faculty", "pk": 23, "fields": {"department": 4, "name": "Jonathan", "lastname": "Grayda", "middle_initial": "M", "photo": "img/Grayda_Jonathan_M..png"}}, {"model": "pages.faculty", "pk": 24, "fields": {"department": 4, "name": "Jayp", "lastname": "Mangansakan", "middle_initial": "T", "photo": "img/JAYP_T._MANGANSAKAN.png"}}, {"model": "pages.faculty", "pk": 25, "fields": {"department": 4, "name": "Jerson", "lastname": "Tingson", "middle_initial": "P", "photo": "img/JERSON_P._TINGSON.PNG"}}, {"model": "pages.faculty", "pk": 26, "fields": {"department": 4, "name": "Lyndon Lee", "lastname": "Palec", "middle_initial": "P", "photo": "img/PALEC_LYNDON_LEE_P..png"}}, {"model": "pages.faculty", "pk": 27, "fields": {"department": 4, "name": "Rhea Franz", "lastname": "Estrera", "middle_initial": null, "photo": "img/RHEA_FRANZ_ESTRERA.PNG"}}, {"model": "pages.faculty", "pk": 28, "fields": {"department": 4, "name": "Francis", "lastname": "Singco", "middle_initial": null, "photo": "img/RHYSFRANCIS_SINGCO_.png"}}, {"model": "pages.faculty", "pk": 29, "fields": {"department": 4, "name": "Jhan", "lastname": "Villaruel", "middle_initial": "L", "photo": "img/VILLARUEL.png"}}, {"model": "pages.faculty", "pk": 30, "fields": {"department": 5, "name": "Carmelo", "lastname": "Amoyen", "middle_initial": "D", "photo": ""}}, {"model": "pages.faculty", "pk": 31, "fields": {"department": 5, "name": "Fe", "lastname": "Estampa", "middle_initial": "B", "photo": "img/ESTAMPA_FE_B..png"}}, {"model": "pages.faculty", "pk": 32, "fields": {"department": 5, "name": "Allan Roy", "lastname": "Rombines", "middle_initial": "G", "photo": "img/ROMBINES_ALLAN_ROY_G..png"}}, {"model": "pages.faculty", "pk": 33, "fields": {"department": 5, "name": "Theresa", "lastname": "Kintanar", "middle_initial": "B", "photo": "img/THERESA_B._KINTANAR.png"}}, {"model": "pages.faculty", "pk": 34, "fields": {"department": 5, "name": "Villarosa", "lastname": "Mendoza", "middle_initial": "A", "photo": "img/VILLAROSA_A._MENDOZA.png"}}, {"model": "pages.schoolmap", "pk": 1, "fields": {"name": "C Building", "map_photo": "", "photo": "img/67783119_1107721442750137_9029697298459787264_n.jpg"}}, {"model": "pages.schoolmap", "pk": 2, "fields": {"name": "B Building", "map_photo": "", "photo": "img/67824080_432500984019409_4065086112148750336_n.jpg"}}, {"model": "pages.schoolmap", "pk": 3, "fields": {"name": "FUNDA Building", "map_photo": "", "photo": "img/68344682_424582298265935_7012135161328304128_n.jpg"}}, {"model": "pages.schoolmap", "pk": 4, "fields": {"name": "Canteen", "map_photo": "", "photo": "img/67841166_2347601681941908_6528897254005145600_n.jpg"}}, {"model": "pages.schoolmap", "pk": 5, "fields": {"name": "Admin Building", "map_photo": "", "photo": "img/68592667_432532560671250_8997682990192525312_n.jpg"}}, {"model": "pages.office", "pk": 1, "fields": {"name": "Guidance Councilor", "map_photo": "", "photo": "img/68751968_373989753288378_1886234690193457152_n.jpg"}}, {"model": "pages.office", "pk": 2, "fields": {"name": "DSAS", "map_photo": "", "photo": "img/68773240_2279013942348262_7420393385023766528_n.jpg"}}, {"model": "pages.office", "pk": 3, "fields": {"name": "Library", "map_photo": "", "photo": "img/68669970_490904495000876_3974074582620438528_n.jpg"}}, {"model": "pages.office", "pk": 4, "fields": {"name": "Cashier", "map_photo": "", "photo": "img/68647209_636810146830016_2331358460731457536_n.jpg"}}, {"model": "pages.office", "pk": 5, "fields": {"name": "Registrar", "map_photo": "", "photo": "img/68496755_1160262627511580_1808028567003463680_n.jpg"}}, {"model": "pages.office", "pk": 6, "fields": {"name": "Administrator", "map_photo": "", "photo": "img/68592667_432532560671250_8997682990192525312_n_7OGR7s4.jpg"}}, {"model": "pages.frequentlyaskedquestion", "pk": 1, "fields": {"title": "asdf", "body": "asdfjsadhfkjs"}}, {"model": "contenttypes.contenttype", "pk": 1, "fields": {"app_label": "pages", "model": "facultyitedepartment"}}, {"model": "contenttypes.contenttype", "pk": 2, "fields": {"app_label": "admin", "model": "logentry"}}, {"model": "contenttypes.contenttype", "pk": 3, "fields": {"app_label": "auth", "model": "permission"}}, {"model": "contenttypes.contenttype", "pk": 4, "fields": {"app_label": "auth", "model": "group"}}, {"model": "contenttypes.contenttype", "pk": 5, "fields": {"app_label": "auth", "model": "user"}}, {"model": "contenttypes.contenttype", "pk": 6, "fields": {"app_label": "contenttypes", "model": "contenttype"}}, {"model": "contenttypes.contenttype", "pk": 7, "fields": {"app_label": "sessions", "model": "session"}}, {"model": "contenttypes.contenttype", "pk": 8, "fields": {"app_label": "pages", "model": "facultyhrmdepartment"}}, {"model": "contenttypes.contenttype", "pk": 9, "fields": {"app_label": "pages", "model": "schoolmap"}}, {"model": "contenttypes.contenttype", "pk": 10, "fields": {"app_label": "pages", "model": "office"}}, {"model": "contenttypes.contenttype", "pk": 11, "fields": {"app_label": "pages", "model": "frequentlyaskedquestion"}}, {"model": "contenttypes.contenttype", "pk": 12, "fields": {"app_label": "pages", "model": "facultyandstaff"}}, {"model": "contenttypes.contenttype", "pk": 13, "fields": {"app_label": "pages", "model": "department"}}, {"model": "contenttypes.contenttype", "pk": 14, "fields": {"app_label": "pages", "model": "faculty"}}, {"model": "sessions.session", "pk": "4p7l92991aab249klvp4mf4g1mbi014q", "fields": {"session_data": "MWJhMWY5ZGEwMzg2MzEyMGQzYmU1ZDBjMTdkNDlkNzA3ZDNjYWQ0Mzp7Il9hdXRoX3VzZXJfaWQiOiIxIiwiX2F1dGhfdXNlcl9iYWNrZW5kIjoiZGphbmdvLmNvbnRyaWIuYXV0aC5iYWNrZW5kcy5Nb2RlbEJhY2tlbmQiLCJfYXV0aF91c2VyX2hhc2giOiJiNDg2YzlmYjdmNDEwZWMxNTI1ZjBiMTU5NGUyZTFkYTNlMzVmNjRiIn0=", "expire_date": "2019-09-06T12:58:41.168Z"}}, {"model": "sessions.session", "pk": "5yzg3wyqicetokjlhzgkacddaha0w63e", "fields": {"session_data": "MWJhMWY5ZGEwMzg2MzEyMGQzYmU1ZDBjMTdkNDlkNzA3ZDNjYWQ0Mzp7Il9hdXRoX3VzZXJfaWQiOiIxIiwiX2F1dGhfdXNlcl9iYWNrZW5kIjoiZGphbmdvLmNvbnRyaWIuYXV0aC5iYWNrZW5kcy5Nb2RlbEJhY2tlbmQiLCJfYXV0aF91c2VyX2hhc2giOiJiNDg2YzlmYjdmNDEwZWMxNTI1ZjBiMTU5NGUyZTFkYTNlMzVmNjRiIn0=", "expire_date": "2019-09-06T12:47:08.300Z"}}, {"model": "sessions.session", "pk": "e6fun1w2vj5vax98blnfcrgrgm8dmsjy", "fields": {"session_data": "MWJhMWY5ZGEwMzg2MzEyMGQzYmU1ZDBjMTdkNDlkNzA3ZDNjYWQ0Mzp7Il9hdXRoX3VzZXJfaWQiOiIxIiwiX2F1dGhfdXNlcl9iYWNrZW5kIjoiZGphbmdvLmNvbnRyaWIuYXV0aC5iYWNrZW5kcy5Nb2RlbEJhY2tlbmQiLCJfYXV0aF91c2VyX2hhc2giOiJiNDg2YzlmYjdmNDEwZWMxNTI1ZjBiMTU5NGUyZTFkYTNlMzVmNjRiIn0=", "expire_date": "2019-09-14T07:48:36.250Z"}}, {"model": "sessions.session", "pk": "ompiosvs3v2l7oilcvcvqhcyzigfrznk", "fields": {"session_data": "MWJhMWY5ZGEwMzg2MzEyMGQzYmU1ZDBjMTdkNDlkNzA3ZDNjYWQ0Mzp7Il9hdXRoX3VzZXJfaWQiOiIxIiwiX2F1dGhfdXNlcl9iYWNrZW5kIjoiZGphbmdvLmNvbnRyaWIuYXV0aC5iYWNrZW5kcy5Nb2RlbEJhY2tlbmQiLCJfYXV0aF91c2VyX2hhc2giOiJiNDg2YzlmYjdmNDEwZWMxNTI1ZjBiMTU5NGUyZTFkYTNlMzVmNjRiIn0=", "expire_date": "2019-10-04T10:21:32.784Z"}}, {"model": "sessions.session", "pk": "rpkcyfsnupmyg4buiyu2nc1pp8nkiad8", "fields": {"session_data": "MWJhMWY5ZGEwMzg2MzEyMGQzYmU1ZDBjMTdkNDlkNzA3ZDNjYWQ0Mzp7Il9hdXRoX3VzZXJfaWQiOiIxIiwiX2F1dGhfdXNlcl9iYWNrZW5kIjoiZGphbmdvLmNvbnRyaWIuYXV0aC5iYWNrZW5kcy5Nb2RlbEJhY2tlbmQiLCJfYXV0aF91c2VyX2hhc2giOiJiNDg2YzlmYjdmNDEwZWMxNTI1ZjBiMTU5NGUyZTFkYTNlMzVmNjRiIn0=", "expire_date": "2019-09-17T09:46:09.648Z"}}, {"model": "sessions.session", "pk": "syx3kxu394beq8127da3a6h0nevnr4g1", "fields": {"session_data": "MWJhMWY5ZGEwMzg2MzEyMGQzYmU1ZDBjMTdkNDlkNzA3ZDNjYWQ0Mzp7Il9hdXRoX3VzZXJfaWQiOiIxIiwiX2F1dGhfdXNlcl9iYWNrZW5kIjoiZGphbmdvLmNvbnRyaWIuYXV0aC5iYWNrZW5kcy5Nb2RlbEJhY2tlbmQiLCJfYXV0aF91c2VyX2hhc2giOiJiNDg2YzlmYjdmNDEwZWMxNTI1ZjBiMTU5NGUyZTFkYTNlMzVmNjRiIn0=", "expire_date": "2019-09-06T15:11:46.707Z"}}, {"model": "auth.permission", "pk": 1, "fields": {"name": "Can add ite department faculty", "content_type": 1, "codename": "add_itedepartmentfaculty"}}, {"model": "auth.permission", "pk": 2, "fields": {"name": "Can change ite department faculty", "content_type": 1, "codename": "change_itedepartmentfaculty"}}, {"model": "auth.permission", "pk": 3, "fields": {"name": "Can delete ite department faculty", "content_type": 1, "codename": "delete_itedepartmentfaculty"}}, {"model": "auth.permission", "pk": 4, "fields": {"name": "Can view ite department faculty", "content_type": 1, "codename": "view_itedepartmentfaculty"}}, {"model": "auth.permission", "pk": 5, "fields": {"name": "Can add log entry", "content_type": 2, "codename": "add_logentry"}}, {"model": "auth.permission", "pk": 6, "fields": {"name": "Can change log entry", "content_type": 2, "codename": "change_logentry"}}, {"model": "auth.permission", "pk": 7, "fields": {"name": "Can delete log entry", "content_type": 2, "codename": "delete_logentry"}}, {"model": "auth.permission", "pk": 8, "fields": {"name": "Can view log entry", "content_type": 2, "codename": "view_logentry"}}, {"model": "auth.permission", "pk": 9, "fields": {"name": "Can add permission", "content_type": 3, "codename": "add_permission"}}, {"model": "auth.permission", "pk": 10, "fields": {"name": "Can change permission", "content_type": 3, "codename": "change_permission"}}, {"model": "auth.permission", "pk": 11, "fields": {"name": "Can delete permission", "content_type": 3, "codename": "delete_permission"}}, {"model": "auth.permission", "pk": 12, "fields": {"name": "Can view permission", "content_type": 3, "codename": "view_permission"}}, {"model": "auth.permission", "pk": 13, "fields": {"name": "Can add group", "content_type": 4, "codename": "add_group"}}, {"model": "auth.permission", "pk": 14, "fields": {"name": "Can change group", "content_type": 4, "codename": "change_group"}}, {"model": "auth.permission", "pk": 15, "fields": {"name": "Can delete group", "content_type": 4, "codename": "delete_group"}}, {"model": "auth.permission", "pk": 16, "fields": {"name": "Can view group", "content_type": 4, "codename": "view_group"}}, {"model": "auth.permission", "pk": 17, "fields": {"name": "Can add user", "content_type": 5, "codename": "add_user"}}, {"model": "auth.permission", "pk": 18, "fields": {"name": "Can change user", "content_type": 5, "codename": "change_user"}}, {"model": "auth.permission", "pk": 19, "fields": {"name": "Can delete user", "content_type": 5, "codename": "delete_user"}}, {"model": "auth.permission", "pk": 20, "fields": {"name": "Can view user", "content_type": 5, "codename": "view_user"}}, {"model": "auth.permission", "pk": 21, "fields": {"name": "Can add content type", "content_type": 6, "codename": "add_contenttype"}}, {"model": "auth.permission", "pk": 22, "fields": {"name": "Can change content type", "content_type": 6, "codename": "change_contenttype"}}, {"model": "auth.permission", "pk": 23, "fields": {"name": "Can delete content type", "content_type": 6, "codename": "delete_contenttype"}}, {"model": "auth.permission", "pk": 24, "fields": {"name": "Can view content type", "content_type": 6, "codename": "view_contenttype"}}, {"model": "auth.permission", "pk": 25, "fields": {"name": "Can add session", "content_type": 7, "codename": "add_session"}}, {"model": "auth.permission", "pk": 26, "fields": {"name": "Can change session", "content_type": 7, "codename": "change_session"}}, {"model": "auth.permission", "pk": 27, "fields": {"name": "Can delete session", "content_type": 7, "codename": "delete_session"}}, {"model": "auth.permission", "pk": 28, "fields": {"name": "Can view session", "content_type": 7, "codename": "view_session"}}, {"model": "auth.permission", "pk": 29, "fields": {"name": "Can add ite department faculties", "content_type": 1, "codename": "add_itedepartmentfaculties"}}, {"model": "auth.permission", "pk": 30, "fields": {"name": "Can change ite department faculties", "content_type": 1, "codename": "change_itedepartmentfaculties"}}, {"model": "auth.permission", "pk": 31, "fields": {"name": "Can delete ite department faculties", "content_type": 1, "codename": "delete_itedepartmentfaculties"}}, {"model": "auth.permission", "pk": 32, "fields": {"name": "Can view ite department faculties", "content_type": 1, "codename": "view_itedepartmentfaculties"}}, {"model": "auth.permission", "pk": 33, "fields": {"name": "Can add faculty ite department", "content_type": 1, "codename": "add_facultyitedepartment"}}, {"model": "auth.permission", "pk": 34, "fields": {"name": "Can change faculty ite department", "content_type": 1, "codename": "change_facultyitedepartment"}}, {"model": "auth.permission", "pk": 35, "fields": {"name": "Can delete faculty ite department", "content_type": 1, "codename": "delete_facultyitedepartment"}}, {"model": "auth.permission", "pk": 36, "fields": {"name": "Can view faculty ite department", "content_type": 1, "codename": "view_facultyitedepartment"}}, {"model": "auth.permission", "pk": 37, "fields": {"name": "Can add faculty hrm department", "content_type": 8, "codename": "add_facultyhrmdepartment"}}, {"model": "auth.permission", "pk": 38, "fields": {"name": "Can change faculty hrm department", "content_type": 8, "codename": "change_facultyhrmdepartment"}}, {"model": "auth.permission", "pk": 39, "fields": {"name": "Can delete faculty hrm department", "content_type": 8, "codename": "delete_facultyhrmdepartment"}}, {"model": "auth.permission", "pk": 40, "fields": {"name": "Can view faculty hrm department", "content_type": 8, "codename": "view_facultyhrmdepartment"}}, {"model": "auth.permission", "pk": 41, "fields": {"name": "Can add school map", "content_type": 9, "codename": "add_schoolmap"}}, {"model": "auth.permission", "pk": 42, "fields": {"name": "Can change school map", "content_type": 9, "codename": "change_schoolmap"}}, {"model": "auth.permission", "pk": 43, "fields": {"name": "Can delete school map", "content_type": 9, "codename": "delete_schoolmap"}}, {"model": "auth.permission", "pk": 44, "fields": {"name": "Can view school map", "content_type": 9, "codename": "view_schoolmap"}}, {"model": "auth.permission", "pk": 45, "fields": {"name": "Can add office", "content_type": 10, "codename": "add_office"}}, {"model": "auth.permission", "pk": 46, "fields": {"name": "Can change office", "content_type": 10, "codename": "change_office"}}, {"model": "auth.permission", "pk": 47, "fields": {"name": "Can delete office", "content_type": 10, "codename": "delete_office"}}, {"model": "auth.permission", "pk": 48, "fields": {"name": "Can view office", "content_type": 10, "codename": "view_office"}}, {"model": "auth.permission", "pk": 49, "fields": {"name": "Can add frequently asked question", "content_type": 11, "codename": "add_frequentlyaskedquestion"}}, {"model": "auth.permission", "pk": 50, "fields": {"name": "Can change frequently asked question", "content_type": 11, "codename": "change_frequentlyaskedquestion"}}, {"model": "auth.permission", "pk": 51, "fields": {"name": "Can delete frequently asked question", "content_type": 11, "codename": "delete_frequentlyaskedquestion"}}, {"model": "auth.permission", "pk": 52, "fields": {"name": "Can view frequently asked question", "content_type": 11, "codename": "view_frequentlyaskedquestion"}}, {"model": "auth.permission", "pk": 53, "fields": {"name": "Can add faculty and staff", "content_type": 12, "codename": "add_facultyandstaff"}}, {"model": "auth.permission", "pk": 54, "fields": {"name": "Can change faculty and staff", "content_type": 12, "codename": "change_facultyandstaff"}}, {"model": "auth.permission", "pk": 55, "fields": {"name": "Can delete faculty and staff", "content_type": 12, "codename": "delete_facultyandstaff"}}, {"model": "auth.permission", "pk": 56, "fields": {"name": "Can view faculty and staff", "content_type": 12, "codename": "view_facultyandstaff"}}, {"model": "auth.permission", "pk": 57, "fields": {"name": "Can add department", "content_type": 13, "codename": "add_department"}}, {"model": "auth.permission", "pk": 58, "fields": {"name": "Can change department", "content_type": 13, "codename": "change_department"}}, {"model": "auth.permission", "pk": 59, "fields": {"name": "Can delete department", "content_type": 13, "codename": "delete_department"}}, {"model": "auth.permission", "pk": 60, "fields": {"name": "Can view department", "content_type": 13, "codename": "view_department"}}, {"model": "auth.permission", "pk": 61, "fields": {"name": "Can add faculty", "content_type": 14, "codename": "add_faculty"}}, {"model": "auth.permission", "pk": 62, "fields": {"name": "Can change faculty", "content_type": 14, "codename": "change_faculty"}}, {"model": "auth.permission", "pk": 63, "fields": {"name": "Can delete faculty", "content_type": 14, "codename": "delete_faculty"}}, {"model": "auth.permission", "pk": 64, "fields": {"name": "Can view faculty", "content_type": 14, "codename": "view_faculty"}}, {"model": "auth.user", "pk": 1, "fields": {"password": "pbkdf2_sha256$150000$MMgqqzIbyb1E$H0RH8qLoSBMn+J1DwUShxwVPxPSX0NpvYW97q+yidVg=", "last_login": "2019-09-20T10:21:32.683Z", "is_superuser": true, "username": "cdkadmin", "first_name": "", "last_name": "", "email": "", "is_staff": true, "is_active": true, "date_joined": "2019-07-08T04:21:52.090Z", "groups": [], "user_permissions": []}}, {"model": "admin.logentry", "pk": 1, "fields": {"action_time": "2019-07-08T04:30:22.051Z", "user": 1, "content_type": 1, "object_id": "1", "object_repr": "IteDepartmentFaculty object (1)", "action_flag": 1, "change_message": "[{\"added\": {}}]"}}, {"model": "admin.logentry", "pk": 2, "fields": {"action_time": "2019-07-08T04:30:48.809Z", "user": 1, "content_type": 1, "object_id": "1", "object_repr": "IteDepartmentFaculty object (1)", "action_flag": 3, "change_message": ""}}, {"model": "admin.logentry", "pk": 3, "fields": {"action_time": "2019-07-08T05:30:42.499Z", "user": 1, "content_type": 1, "object_id": "2", "object_repr": "yohi", "action_flag": 1, "change_message": "[{\"added\": {}}]"}}, {"model": "admin.logentry", "pk": 4, "fields": {"action_time": "2019-07-08T08:14:37.386Z", "user": 1, "content_type": 1, "object_id": "3", "object_repr": "herald", "action_flag": 1, "change_message": "[{\"added\": {}}]"}}, {"model": "admin.logentry", "pk": 5, "fields": {"action_time": "2019-07-08T08:26:06.107Z", "user": 1, "content_type": 1, "object_id": "3", "object_repr": "herald", "action_flag": 3, "change_message": ""}}, {"model": "admin.logentry", "pk": 6, "fields": {"action_time": "2019-07-08T08:26:06.301Z", "user": 1, "content_type": 1, "object_id": "2", "object_repr": "yohi", "action_flag": 3, "change_message": ""}}, {"model": "admin.logentry", "pk": 7, "fields": {"action_time": "2019-07-13T11:02:51.425Z", "user": 1, "content_type": 1, "object_id": "4", "object_repr": "herald", "action_flag": 1, "change_message": "[{\"added\": {}}]"}}, {"model": "admin.logentry", "pk": 8, "fields": {"action_time": "2019-07-13T15:07:49.370Z", "user": 1, "content_type": 1, "object_id": "5", "object_repr": "prince", "action_flag": 1, "change_message": "[{\"added\": {}}]"}}, {"model": "admin.logentry", "pk": 9, "fields": {"action_time": "2019-07-13T15:08:05.274Z", "user": 1, "content_type": 1, "object_id": "6", "object_repr": "evannder", "action_flag": 1, "change_message": "[{\"added\": {}}]"}}, {"model": "admin.logentry", "pk": 10, "fields": {"action_time": "2019-08-14T12:11:45.770Z", "user": 1, "content_type": 1, "object_id": "6", "object_repr": "evannder", "action_flag": 2, "change_message": "[{\"changed\": {\"fields\": [\"photo\"]}}]"}}, {"model": "admin.logentry", "pk": 11, "fields": {"action_time": "2019-08-14T12:12:23.055Z", "user": 1, "content_type": 1, "object_id": "5", "object_repr": "prince", "action_flag": 2, "change_message": "[{\"changed\": {\"fields\": [\"photo\"]}}]"}}, {"model": "admin.logentry", "pk": 12, "fields": {"action_time": "2019-08-14T12:44:52.353Z", "user": 1, "content_type": 1, "object_id": "6", "object_repr": "evannder", "action_flag": 2, "change_message": "[{\"changed\": {\"fields\": [\"photo\"]}}]"}}, {"model": "admin.logentry", "pk": 13, "fields": {"action_time": "2019-08-14T12:45:04.329Z", "user": 1, "content_type": 1, "object_id": "6", "object_repr": "evannder", "action_flag": 2, "change_message": "[{\"changed\": {\"fields\": [\"photo\"]}}]"}}, {"model": "admin.logentry", "pk": 14, "fields": {"action_time": "2019-08-23T12:59:21.484Z", "user": 1, "content_type": 1, "object_id": "4", "object_repr": "herald", "action_flag": 2, "change_message": "[{\"changed\": {\"fields\": [\"photo\"]}}]"}}, {"model": "admin.logentry", "pk": 15, "fields": {"action_time": "2019-08-23T13:00:37.848Z", "user": 1, "content_type": 1, "object_id": "4", "object_repr": "herald", "action_flag": 3, "change_message": ""}}, {"model": "admin.logentry", "pk": 16, "fields": {"action_time": "2019-08-23T13:00:48.047Z", "user": 1, "content_type": 1, "object_id": "6", "object_repr": "evannder", "action_flag": 3, "change_message": ""}}, {"model": "admin.logentry", "pk": 17, "fields": {"action_time": "2019-08-23T13:00:48.160Z", "user": 1, "content_type": 1, "object_id": "5", "object_repr": "prince", "action_flag": 3, "change_message": ""}}, {"model": "admin.logentry", "pk": 18, "fields": {"action_time": "2019-08-23T13:01:03.118Z", "user": 1, "content_type": 1, "object_id": "7", "object_repr": "herald", "action_flag": 1, "change_message": "[{\"added\": {}}]"}}, {"model": "admin.logentry", "pk": 19, "fields": {"action_time": "2019-08-23T15:20:42.667Z", "user": 1, "content_type": 9, "object_id": "1", "object_repr": "SchoolMap object (1)", "action_flag": 1, "change_message": "[{\"added\": {}}]"}}, {"model": "admin.logentry", "pk": 20, "fields": {"action_time": "2019-08-23T15:21:32.377Z", "user": 1, "content_type": 9, "object_id": "2", "object_repr": "SchoolMap object (2)", "action_flag": 1, "change_message": "[{\"added\": {}}]"}}, {"model": "admin.logentry", "pk": 21, "fields": {"action_time": "2019-08-23T15:21:58.156Z", "user": 1, "content_type": 9, "object_id": "3", "object_repr": "SchoolMap object (3)", "action_flag": 1, "change_message": "[{\"added\": {}}]"}}, {"model": "admin.logentry", "pk": 22, "fields": {"action_time": "2019-08-23T15:22:16.418Z", "user": 1, "content_type": 9, "object_id": "4", "object_repr": "SchoolMap object (4)", "action_flag": 1, "change_message": "[{\"added\": {}}]"}}, {"model": "admin.logentry", "pk": 23, "fields": {"action_time": "2019-08-23T15:22:42.964Z", "user": 1, "content_type": 9, "object_id": "5", "object_repr": "SchoolMap object (5)", "action_flag": 1, "change_message": "[{\"added\": {}}]"}}, {"model": "admin.logentry", "pk": 24, "fields": {"action_time": "2019-08-23T15:57:32.709Z", "user": 1, "content_type": 10, "object_id": "1", "object_repr": "Guidance Councilor", "action_flag": 1, "change_message": "[{\"added\": {}}]"}}, {"model": "admin.logentry", "pk": 25, "fields": {"action_time": "2019-08-23T15:58:07.472Z", "user": 1, "content_type": 10, "object_id": "2", "object_repr": "DSAS", "action_flag": 1, "change_message": "[{\"added\": {}}]"}}, {"model": "admin.logentry", "pk": 26, "fields": {"action_time": "2019-08-23T15:58:33.662Z", "user": 1, "content_type": 10, "object_id": "3", "object_repr": "Library", "action_flag": 1, "change_message": "[{\"added\": {}}]"}}, {"model": "admin.logentry", "pk": 27, "fields": {"action_time": "2019-08-23T15:58:55.245Z", "user": 1, "content_type": 10, "object_id": "4", "object_repr": "Cashier", "action_flag": 1, "change_message": "[{\"added\": {}}]"}}, {"model": "admin.logentry", "pk": 28, "fields": {"action_time": "2019-08-23T15:59:19.524Z", "user": 1, "content_type": 10, "object_id": "5", "object_repr": "Registrar", "action_flag": 1, "change_message": "[{\"added\": {}}]"}}, {"model": "admin.logentry", "pk": 29, "fields": {"action_time": "2019-08-23T16:27:47.993Z", "user": 1, "content_type": 10, "object_id": "6", "object_repr": "Administrator", "action_flag": 1, "change_message": "[{\"added\": {}}]"}}, {"model": "admin.logentry", "pk": 30, "fields": {"action_time": "2019-08-31T02:42:25.191Z", "user": 1, "content_type": 12, "object_id": "1", "object_repr": "heral", "action_flag": 1, "change_message": "[{\"added\": {}}]"}}, {"model": "admin.logentry", "pk": 31, "fields": {"action_time": "2019-08-31T03:41:33.948Z", "user": 1, "content_type": 13, "object_id": "1", "object_repr": "ITE", "action_flag": 1, "change_message": "[{\"added\": {}}]"}}, {"model": "admin.logentry", "pk": 32, "fields": {"action_time": "2019-08-31T03:41:43.822Z", "user": 1, "content_type": 13, "object_id": "2", "object_repr": "BEED", "action_flag": 1, "change_message": "[{\"added\": {}}]"}}, {"model": "admin.logentry", "pk": 33, "fields": {"action_time": "2019-08-31T03:41:53.925Z", "user": 1, "content_type": 13, "object_id": "3", "object_repr": "HRM", "action_flag": 1, "change_message": "[{\"added\": {}}]"}}, {"model": "admin.logentry", "pk": 34, "fields": {"action_time": "2019-08-31T03:42:30.707Z", "user": 1, "content_type": 13, "object_id": "4", "object_repr": "Engineering Dept", "action_flag": 1, "change_message": "[{\"added\": {}}]"}}, {"model": "admin.logentry", "pk": 35, "fields": {"action_time": "2019-08-31T04:44:55.205Z", "user": 1, "content_type": 12, "object_id": "1", "object_repr": "heral", "action_flag": 3, "change_message": ""}}, {"model": "admin.logentry", "pk": 36, "fields": {"action_time": "2019-09-03T09:48:31.473Z", "user": 1, "content_type": 14, "object_id": "1", "object_repr": "Jerson Tingson", "action_flag": 1, "change_message": "[{\"added\": {}}]"}}, {"model": "admin.logentry", "pk": 37, "fields": {"action_time": "2019-09-03T09:57:28.856Z", "user": 1, "content_type": 11, "object_id": "1", "object_repr": "asdf", "action_flag": 1, "change_message": "[{\"added\": {}}]"}}, {"model": "admin.logentry", "pk": 38, "fields": {"action_time": "2019-09-03T09:58:21.281Z", "user": 1, "content_type": 14, "object_id": "2", "object_repr": "Bander Bautista", "action_flag": 1, "change_message": "[{\"added\": {}}]"}}, {"model": "admin.logentry", "pk": 39, "fields": {"action_time": "2019-09-20T10:22:09.495Z", "user": 1, "content_type": 13, "object_id": "4", "object_repr": "ITE Department", "action_flag": 2, "change_message": "[{\"changed\": {\"fields\": [\"name\"]}}]"}}, {"model": "admin.logentry", "pk": 40, "fields": {"action_time": "2019-09-20T10:22:25.003Z", "user": 1, "content_type": 13, "object_id": "3", "object_repr": "HRM Department", "action_flag": 2, "change_message": "[{\"changed\": {\"fields\": [\"name\"]}}]"}}, {"model": "admin.logentry", "pk": 41, "fields": {"action_time": "2019-09-20T10:22:51.726Z", "user": 1, "content_type": 13, "object_id": "2", "object_repr": "BEED Department", "action_flag": 2, "change_message": "[{\"changed\": {\"fields\": [\"name\"]}}]"}}, {"model": "admin.logentry", "pk": 42, "fields": {"action_time": "2019-09-20T10:23:04.016Z", "user": 1, "content_type": 13, "object_id": "1", "object_repr": "Criminology Department", "action_flag": 2, "change_message": "[{\"changed\": {\"fields\": [\"name\"]}}]"}}, {"model": "admin.logentry", "pk": 43, "fields": {"action_time": "2019-09-20T10:23:52.079Z", "user": 1, "content_type": 13, "object_id": "5", "object_repr": "Paramed Department", "action_flag": 1, "change_message": "[{\"added\": {}}]"}}, {"model": "admin.logentry", "pk": 44, "fields": {"action_time": "2019-09-20T10:24:16.444Z", "user": 1, "content_type": 14, "object_id": "2", "object_repr": "Bander Bautista", "action_flag": 3, "change_message": ""}}, {"model": "admin.logentry", "pk": 45, "fields": {"action_time": "2019-09-20T10:24:16.550Z", "user": 1, "content_type": 14, "object_id": "1", "object_repr": "Jerson Tingson", "action_flag": 3, "change_message": ""}}, {"model": "admin.logentry", "pk": 46, "fields": {"action_time": "2019-09-20T10:33:42.706Z", "user": 1, "content_type": 14, "object_id": "1", "object_repr": "Alvin Tero", "action_flag": 1, "change_message": "[{\"added\": {}}]"}}, {"model": "admin.logentry", "pk": 47, "fields": {"action_time": "2019-09-20T10:45:43.879Z", "user": 1, "content_type": 14, "object_id": "2", "object_repr": "Alvin Tugon", "action_flag": 1, "change_message": "[{\"added\": {}}]"}}, {"model": "admin.logentry", "pk": 48, "fields": {"action_time": "2019-09-20T10:53:08.819Z", "user": 1, "content_type": 14, "object_id": "1", "object_repr": "Alvin Tero", "action_flag": 2, "change_message": "[]"}}, {"model": "admin.logentry", "pk": 49, "fields": {"action_time": "2019-09-20T11:06:21.746Z", "user": 1, "content_type": 14, "object_id": "3", "object_repr": "Renato Catubig", "action_flag": 1, "change_message": "[{\"added\": {}}]"}}, {"model": "admin.logentry", "pk": 50, "fields": {"action_time": "2019-09-20T11:07:28.884Z", "user": 1, "content_type": 14, "object_id": "4", "object_repr": "Christopher De Castro", "action_flag": 1, "change_message": "[{\"added\": {}}]"}}, {"model": "admin.logentry", "pk": 51, "fields": {"action_time": "2019-09-20T11:09:58.099Z", "user": 1, "content_type": 14, "object_id": "5", "object_repr": "Joselito Relativo", "action_flag": 1, "change_message": "[{\"added\": {}}]"}}, {"model": "admin.logentry", "pk": 52, "fields": {"action_time": "2019-09-20T11:10:37.333Z", "user": 1, "content_type": 14, "object_id": "6", "object_repr": "Reynaldo Suarez", "action_flag": 1, "change_message": "[{\"added\": {}}]"}}, {"model": "admin.logentry", "pk": 53, "fields": {"action_time": "2019-09-20T11:19:51.043Z", "user": 1, "content_type": 14, "object_id": "7", "object_repr": "Alma Espinal", "action_flag": 1, "change_message": "[{\"added\": {}}]"}}, {"model": "admin.logentry", "pk": 54, "fields": {"action_time": "2019-09-20T11:20:36.559Z", "user": 1, "content_type": 14, "object_id": "8", "object_repr": "Gelar Constantinopla", "action_flag": 1, "change_message": "[{\"added\": {}}]"}}, {"model": "admin.logentry", "pk": 55, "fields": {"action_time": "2019-09-20T11:21:02.159Z", "user": 1, "content_type": 14, "object_id": "9", "object_repr": "Nelly Cordero", "action_flag": 1, "change_message": "[{\"added\": {}}]"}}, {"model": "admin.logentry", "pk": 56, "fields": {"action_time": "2019-09-20T11:21:34.009Z", "user": 1, "content_type": 14, "object_id": "10", "object_repr": "Grene Dela Cruz", "action_flag": 1, "change_message": "[{\"added\": {}}]"}}, {"model": "admin.logentry", "pk": 57, "fields": {"action_time": "2019-09-20T11:22:13.587Z", "user": 1, "content_type": 14, "object_id": "11", "object_repr": "Erwin Alquizar", "action_flag": 1, "change_message": "[{\"added\": {}}]"}}, {"model": "admin.logentry", "pk": 58, "fields": {"action_time": "2019-09-20T11:22:55.151Z", "user": 1, "content_type": 14, "object_id": "12", "object_repr": "Generose Hilaga", "action_flag": 1, "change_message": "[{\"added\": {}}]"}}, {"model": "admin.logentry", "pk": 59, "fields": {"action_time": "2019-09-20T11:23:20.233Z", "user": 1, "content_type": 14, "object_id": "13", "object_repr": "Gilbert Domingo", "action_flag": 1, "change_message": "[{\"added\": {}}]"}}, {"model": "admin.logentry", "pk": 60, "fields": {"action_time": "2019-09-20T11:24:00.155Z", "user": 1, "content_type": 14, "object_id": "14", "object_repr": "Gretchen Lyn Maglupay", "action_flag": 1, "change_message": "[{\"added\": {}}]"}}, {"model": "admin.logentry", "pk": 61, "fields": {"action_time": "2019-09-20T11:27:38.358Z", "user": 1, "content_type": 14, "object_id": "15", "object_repr": "Kevin Jay Pestano", "action_flag": 1, "change_message": "[{\"added\": {}}]"}}, {"model": "admin.logentry", "pk": 62, "fields": {"action_time": "2019-09-20T11:28:39.352Z", "user": 1, "content_type": 14, "object_id": "16", "object_repr": "Mara Daphnie Rosalia", "action_flag": 1, "change_message": "[{\"added\": {}}]"}}, {"model": "admin.logentry", "pk": 63, "fields": {"action_time": "2019-09-20T11:29:15.792Z", "user": 1, "content_type": 14, "object_id": "17", "object_repr": "Marvie Martizano", "action_flag": 1, "change_message": "[{\"added\": {}}]"}}, {"model": "admin.logentry", "pk": 64, "fields": {"action_time": "2019-09-20T11:29:48.638Z", "user": 1, "content_type": 14, "object_id": "18", "object_repr": "Ruth Bacudo", "action_flag": 1, "change_message": "[{\"added\": {}}]"}}, {"model": "admin.logentry", "pk": 65, "fields": {"action_time": "2019-09-20T11:30:48.142Z", "user": 1, "content_type": 14, "object_id": "19", "object_repr": "Benjie Yumague", "action_flag": 1, "change_message": "[{\"added\": {}}]"}}, {"model": "admin.logentry", "pk": 66, "fields": {"action_time": "2019-09-20T11:57:19.053Z", "user": 1, "content_type": 14, "object_id": "20", "object_repr": "Darlyn Aboy", "action_flag": 1, "change_message": "[{\"added\": {}}]"}}, {"model": "admin.logentry", "pk": 67, "fields": {"action_time": "2019-09-20T11:58:08.402Z", "user": 1, "content_type": 14, "object_id": "21", "object_repr": "Lory Jane Villoria", "action_flag": 1, "change_message": "[{\"added\": {}}]"}}, {"model": "admin.logentry", "pk": 68, "fields": {"action_time": "2019-09-20T11:58:40.093Z", "user": 1, "content_type": 14, "object_id": "22", "object_repr": "Rowen Zerrudo", "action_flag": 1, "change_message": "[{\"added\": {}}]"}}, {"model": "admin.logentry", "pk": 69, "fields": {"action_time": "2019-09-20T12:00:20.922Z", "user": 1, "content_type": 14, "object_id": "23", "object_repr": "Jonathan Grayda", "action_flag": 1, "change_message": "[{\"added\": {}}]"}}, {"model": "admin.logentry", "pk": 70, "fields": {"action_time": "2019-09-20T12:01:33.616Z", "user": 1, "content_type": 14, "object_id": "24", "object_repr": "Jayp Mangansakan", "action_flag": 1, "change_message": "[{\"added\": {}}]"}}, {"model": "admin.logentry", "pk": 71, "fields": {"action_time": "2019-09-20T12:02:07.298Z", "user": 1, "content_type": 14, "object_id": "25", "object_repr": "Jerson Tingson", "action_flag": 1, "change_message": "[{\"added\": {}}]"}}, {"model": "admin.logentry", "pk": 72, "fields": {"action_time": "2019-09-20T12:02:35.403Z", "user": 1, "content_type": 14, "object_id": "26", "object_repr": "Lyndon Lee Palec", "action_flag": 1, "change_message": "[{\"added\": {}}]"}}, {"model": "admin.logentry", "pk": 73, "fields": {"action_time": "2019-09-20T12:03:10.844Z", "user": 1, "content_type": 14, "object_id": "27", "object_repr": "Rhea Franz Estrera", "action_flag": 1, "change_message": "[{\"added\": {}}]"}}, {"model": "admin.logentry", "pk": 74, "fields": {"action_time": "2019-09-20T12:03:56.800Z", "user": 1, "content_type": 14, "object_id": "28", "object_repr": "Francis Singco", "action_flag": 1, "change_message": "[{\"added\": {}}]"}}, {"model": "admin.logentry", "pk": 75, "fields": {"action_time": "2019-09-20T12:05:15.369Z", "user": 1, "content_type": 14, "object_id": "29", "object_repr": "Jhan Villaruel", "action_flag": 1, "change_message": "[{\"added\": {}}]"}}, {"model": "admin.logentry", "pk": 76, "fields": {"action_time": "2019-09-20T12:06:00.445Z", "user": 1, "content_type": 14, "object_id": "30", "object_repr": "Carmelo Amoyen", "action_flag": 1, "change_message": "[{\"added\": {}}]"}}, {"model": "admin.logentry", "pk": 77, "fields": {"action_time": "2019-09-20T12:06:33.888Z", "user": 1, "content_type": 14, "object_id": "31", "object_repr": "Fe Estampa", "action_flag": 1, "change_message": "[{\"added\": {}}]"}}, {"model": "admin.logentry", "pk": 78, "fields": {"action_time": "2019-09-20T12:07:22.891Z", "user": 1, "content_type": 14, "object_id": "32", "object_repr": "Allan Roy Rombines", "action_flag": 1, "change_message": "[{\"added\": {}}]"}}, {"model": "admin.logentry", "pk": 79, "fields": {"action_time": "2019-09-20T12:07:55.506Z", "user": 1, "content_type": 14, "object_id": "33", "object_repr": "Theresa Kintanar", "action_flag": 1, "change_message": "[{\"added\": {}}]"}}, {"model": "admin.logentry", "pk": 80, "fields": {"action_time": "2019-09-20T12:08:26.865Z", "user": 1, "content_type": 14, "object_id": "34", "object_repr": "Villarosa Mendoza", "action_flag": 1, "change_message": "[{\"added\": {}}]"}}]